destination_code,destination_country,income_group,period,service_observations,distinct_firms,estimated_cost_gbp_on_gbp_200,estimated_total_cost_pct,cash_service_count,account_service_count,mobile_wallet_service_count,cash_service_share_pct,cash_average_cost_pct,account_average_cost_pct,mobile_wallet_average_cost_pct,account_ownership_pct,account_ownership_year,unbanked_adults_pct,control_of_corruption_score_0_100,control_of_corruption_year,political_stability_score_0_100,political_stability_year,rural_population_pct,rural_population_year,atms_per_100k_adults,atm_year,commercial_bank_branches_per_100k_adults,branch_year,gdp_per_capita_usd,gdp_year,price_source,financial_inclusion_source,governance_source
GM,The Gambia,Low income,Q3 2025,22,10,22.5752,11.2876,18,4,0,81.8182,11.8143,8.9175,,38.1609,2024,61.8391,41.0895,2024,65.5862,2024,35.7006,2024,8.4286,2024,5.6393,2024,871.3403,2024,https://datacatalog.worldbank.org/search/dataset/0037898/remittance-prices-worldwide,https://data.worldbank.org/indicator/FX.OWN.TOTL.ZS,https://www.worldbank.org/en/publication/worldwide-governance-indicators
AF,Afghanistan,Low income,Q3 2025,3,2,17.8089,8.9044,3,0,0,100,8.9044,,,9.6538,2021,90.3462,21.3644,2024,28.2259,2024,74.2993,2024,,,,,416.8711,2024,https://datacatalog.worldbank.org/search/dataset/0037898/remittance-prices-worldwide,https://data.worldbank.org/indicator/FX.OWN.TOTL.ZS,https://www.worldbank.org/en/publication/worldwide-governance-indicators
ER,Eritrea,Low income,Q3 2025,12,6,14.955,7.4775,12,0,0,100,7.4775,,,,,,14.7976,2024,53.7901,2024,65.4634,2024,,,,,,,https://datacatalog.worldbank.org/search/dataset/0037898/remittance-prices-worldwide,https://data.worldbank.org/indicator/FX.OWN.TOTL.ZS,https://www.worldbank.org/en/publication/worldwide-governance-indicators
RW,Rwanda,Low income,Q3 2025,23,7,13.9501,6.9751,12,5,6,52.1739,6.0333,1.862,13.1194,,,,60.5158,2024,65.1481,2024,70.115,2024,3.5386,2024,4.7479,2024,1059.9371,2024,https://datacatalog.worldbank.org/search/dataset/0037898/remittance-prices-worldwide,https://data.worldbank.org/indicator/FX.OWN.TOTL.ZS,https://www.worldbank.org/en/publication/worldwide-governance-indicators
SS,South Sudan,Low income,Q3 2025,10,4,13.3947,6.6973,10,0,0,100,6.6973,,,5.8314,2021,94.1686,6.0617,2024,40.4488,2024,78.6232,2024,0.9595,2024,1.6997,2024,,,https://datacatalog.worldbank.org/search/dataset/0037898/remittance-prices-worldwide,https://data.worldbank.org/indicator/FX.OWN.TOTL.ZS,https://www.worldbank.org/en/publication/worldwide-governance-indicators
SO,Somalia,Low income,Q3 2025,17,6,12.6322,6.3161,13,0,4,76.4706,6.1133,,6.975,,,,11.7011,2024,27.2374,2024,45.3824,2024,,,,,629.5389,2024,https://datacatalog.worldbank.org/search/dataset/0037898/remittance-prices-worldwide,https://data.worldbank.org/indicator/FX.OWN.TOTL.ZS,https://www.worldbank.org/en/publication/worldwide-governance-indicators
ZA,South Africa,Upper middle income,Q3 2025,24,9,10.4544,5.2272,11,13,0,45.8333,6.9633,3.7582,,81.126,2024,18.874,43.9726,2024,55.3527,2024,36.3082,2024,45.9615,2024,7.9785,2024,6267.1868,2024,https://datacatalog.worldbank.org/search/dataset/0037898/remittance-prices-worldwide,https://data.worldbank.org/indicator/FX.OWN.TOTL.ZS,https://www.worldbank.org/en/publication/worldwide-governance-indicators
BG,Bulgaria,High income,Q3 2025,22,5,10.1006,5.0503,11,8,3,50,7.3752,3.1004,1.7256,84.7244,2024,15.2756,42.9965,2024,66.5764,2024,26.0501,2024,92.2966,2024,93.8388,2024,17596.9168,2024,https://datacatalog.worldbank.org/search/dataset/0037898/remittance-prices-worldwide,https://data.worldbank.org/indicator/FX.OWN.TOTL.ZS,https://www.worldbank.org/en/publication/worldwide-governance-indicators
AL,Albania,Upper middle income,Q3 2025,30,6,9.8982,4.9491,23,7,0,76.6667,5.5932,2.8329,,46.0693,2024,53.9307,39.338,2024,66.244,2024,41.4536,2024,44.785,2024,17.9849,2024,11374.0086,2024,https://datacatalog.worldbank.org/search/dataset/0037898/remittance-prices-worldwide,https://data.worldbank.org/indicator/FX.OWN.TOTL.ZS,https://www.worldbank.org/en/publication/worldwide-governance-indicators
SL,Sierra Leone,Low income,Q3 2025,18,7,9.3915,4.6957,15,3,0,83.3333,5.0262,3.0433,,38.6205,2024,61.3795,33.6395,2024,58.205,2024,54.6373,2024,3.4764,2024,2.1307,2024,806.6547,2024,https://datacatalog.worldbank.org/search/dataset/0037898/remittance-prices-worldwide,https://data.worldbank.org/indicator/FX.OWN.TOTL.ZS,https://www.worldbank.org/en/publication/worldwide-governance-indicators
LB,Lebanon,Lower middle income,Q3 2025,15,4,9.2351,4.6176,12,0,0,80,5.3572,,,23.0439,2024,76.9561,21.4571,2024,42.1564,2024,9.2963,2024,32.9476,2024,15.8905,2024,4473.2713,2024,https://datacatalog.worldbank.org/search/dataset/0037898/remittance-prices-worldwide,https://data.worldbank.org/indicator/FX.OWN.TOTL.ZS,https://www.worldbank.org/en/publication/worldwide-governance-indicators
BD,Bangladesh,Lower middle income,Q3 2025,32,10,9.0554,4.5277,12,12,8,37.5,4.2358,4.5056,4.9987,43.284,2024,56.716,25.5455,2024,40.9049,2024,67.3217,2024,15.8652,2024,9.1396,2024,2593.4161,2024,https://datacatalog.worldbank.org/search/dataset/0037898/remittance-prices-worldwide,https://data.worldbank.org/indicator/FX.OWN.TOTL.ZS,https://www.worldbank.org/en/publication/worldwide-governance-indicators
TZ,Tanzania,Lower middle income,Q3 2025,24,8,9.0531,4.5265,9,6,9,37.5,5.5522,4.0583,3.813,59.8275,2024,40.1725,41.9017,2024,59.2395,2024,63.8316,2024,5.5181,2024,2.4443,2024,1192.6067,2024,https://datacatalog.worldbank.org/search/dataset/0037898/remittance-prices-worldwide,https://data.worldbank.org/indicator/FX.OWN.TOTL.ZS,https://www.worldbank.org/en/publication/worldwide-governance-indicators
ZW,Zimbabwe,Lower middle income,Q3 2025,23,7,8.7278,4.3639,14,3,6,60.8696,4.9833,3.8678,3.1667,49.5216,2024,50.4784,22.5194,2024,48.5183,2024,60.1066,2024,4.1382,2024,5.4599,2024,2496.1551,2024,https://datacatalog.worldbank.org/search/dataset/0037898/remittance-prices-worldwide,https://data.worldbank.org/indicator/FX.OWN.TOTL.ZS,https://www.worldbank.org/en/publication/worldwide-governance-indicators
TH,Thailand,Upper middle income,Q3 2025,25,8,8.1208,4.0604,11,11,0,44,4.5724,3.6882,,91.825,2024,8.175,37.1805,2024,54.222,2024,38.1311,2024,93.0302,2024,8.02,2024,7386.6362,2024,https://datacatalog.worldbank.org/search/dataset/0037898/remittance-prices-worldwide,https://data.worldbank.org/indicator/FX.OWN.TOTL.ZS,https://www.worldbank.org/en/publication/worldwide-governance-indicators
UG,Uganda,Low income,Q3 2025,34,11,7.9749,3.9875,14,6,14,41.1765,6.1355,3.0678,2.2336,72.8274,2024,27.1726,25.2619,2024,48.4332,2024,68.7222,2024,3.6087,2024,2.0824,2024,1077.9128,2024,https://datacatalog.worldbank.org/search/dataset/0037898/remittance-prices-worldwide,https://data.worldbank.org/indicator/FX.OWN.TOTL.ZS,https://www.worldbank.org/en/publication/worldwide-governance-indicators
GH,Ghana,Lower middle income,Q3 2025,37,13,7.8874,3.9437,15,6,16,40.5405,5.2829,2.2444,3.3254,81.243,2024,18.757,43.9385,2024,66.0902,2024,41.6345,2024,10.9657,2024,5.8935,2024,2419.2519,2024,https://datacatalog.worldbank.org/search/dataset/0037898/remittance-prices-worldwide,https://data.worldbank.org/indicator/FX.OWN.TOTL.ZS,https://www.worldbank.org/en/publication/worldwide-governance-indicators
ET,Ethiopia,Low income,Q3 2025,19,7,7.5846,3.7923,12,4,3,63.1579,4.8994,1.89,1.9,48.8303,2024,51.1697,38.9918,2024,33.696,2024,76.3777,2024,10.0703,2023,14.2622,2023,1133.8828,2024,https://datacatalog.worldbank.org/search/dataset/0037898/remittance-prices-worldwide,https://data.worldbank.org/indicator/FX.OWN.TOTL.ZS,https://www.worldbank.org/en/publication/worldwide-governance-indicators
LT,Lithuania,High income,Q3 2025,25,9,7.4061,3.7031,10,15,0,40,6.162,2.0638,,98.9947,2024,1.0053,67.9504,2024,81.9416,2024,31.1714,2024,45.9945,2024,9.6211,2024,29603.7773,2024,https://datacatalog.worldbank.org/search/dataset/0037898/remittance-prices-worldwide,https://data.worldbank.org/indicator/FX.OWN.TOTL.ZS,https://www.worldbank.org/en/publication/worldwide-governance-indicators
ZM,Zambia,Lower middle income,Q3 2025,21,6,6.7492,3.3746,12,3,5,57.1429,4.0114,2.3433,2.4827,72.7024,2024,27.2976,38.6079,2024,64.1728,2024,54.5296,2024,7.7013,2024,2.5083,2024,1187.1094,2024,https://datacatalog.worldbank.org/search/dataset/0037898/remittance-prices-worldwide,https://data.worldbank.org/indicator/FX.OWN.TOTL.ZS,https://www.worldbank.org/en/publication/worldwide-governance-indicators
JM,Jamaica,Upper middle income,Q3 2025,20,6,6.7477,3.3738,16,4,0,80,3.4352,3.1283,,73.3004,2021,26.6996,45.9061,2024,74.0393,2024,41.0698,2024,38.9917,2024,6.9319,2024,7753.812,2024,https://datacatalog.worldbank.org/search/dataset/0037898/remittance-prices-worldwide,https://data.worldbank.org/indicator/FX.OWN.TOTL.ZS,https://www.worldbank.org/en/publication/worldwide-governance-indicators
BR,Brazil,Upper middle income,Q3 2025,29,9,6.5345,3.2672,7,16,6,24.1379,7.309,2.2131,1.3628,86.3812,2024,13.6188,39.5783,2024,57.0022,2024,12.1041,2024,89.9032,2024,15.8295,2024,10310.5487,2024,https://datacatalog.worldbank.org/search/dataset/0037898/remittance-prices-worldwide,https://data.worldbank.org/indicator/FX.OWN.TOTL.ZS,https://www.worldbank.org/en/publication/worldwide-governance-indicators
CN,China,Upper middle income,Q3 2025,23,6,6.5099,3.2549,4,16,3,17.3913,6.2467,2.9304,0.9967,89.383,2024,10.617,49.6499,2024,63.2752,2024,34.1053,2024,67.8283,2024,8.7165,2024,13293.1162,2024,https://datacatalog.worldbank.org/search/dataset/0037898/remittance-prices-worldwide,https://data.worldbank.org/indicator/FX.OWN.TOTL.ZS,https://www.worldbank.org/en/publication/worldwide-governance-indicators
VN,Vietnam,Lower middle income,Q3 2025,25,8,6.1264,3.0632,11,14,0,44,4.5345,1.9071,,70.5508,2024,29.4492,42.7601,2024,65.9913,2024,61.5099,2024,27.2434,2024,3.0967,2024,4716.6599,2024,https://datacatalog.worldbank.org/search/dataset/0037898/remittance-prices-worldwide,https://data.worldbank.org/indicator/FX.OWN.TOTL.ZS,https://www.worldbank.org/en/publication/worldwide-governance-indicators
KE,Kenya,Lower middle income,Q3 2025,27,10,5.7963,2.8981,9,6,12,33.3333,4.4426,2.3717,2.0031,90.1199,2024,9.8801,31.6246,2024,42.7372,2024,68.1062,2024,6.4216,2024,4.5195,2024,2133.4619,2024,https://datacatalog.worldbank.org/search/dataset/0037898/remittance-prices-worldwide,https://data.worldbank.org/indicator/FX.OWN.TOTL.ZS,https://www.worldbank.org/en/publication/worldwide-governance-indicators
RO,Romania,High income,Q3 2025,24,6,4.9767,2.4883,11,13,0,45.8333,3.4236,1.6969,,71.3367,2024,28.6633,48.3806,2024,68.6084,2024,47.8325,2024,63.724,2024,20.7622,2024,20080.2096,2024,https://datacatalog.worldbank.org/search/dataset/0037898/remittance-prices-worldwide,https://data.worldbank.org/indicator/FX.OWN.TOTL.ZS,https://www.worldbank.org/en/publication/worldwide-governance-indicators
PH,Philippines,Lower middle income,Q3 2025,38,10,4.8839,2.4419,17,16,5,44.7368,2.9312,2.4902,0.624,50.1824,2024,49.8176,36.1832,2024,52.6707,2024,44.5479,2024,27.8446,2024,8.0864,2024,3985.2946,2024,https://datacatalog.worldbank.org/search/dataset/0037898/remittance-prices-worldwide,https://data.worldbank.org/indicator/FX.OWN.TOTL.ZS,https://www.worldbank.org/en/publication/worldwide-governance-indicators
NP,Nepal,Lower middle income,Q3 2025,22,6,4.5542,2.2771,10,9,3,45.4545,3.4017,1.5044,0.8467,59.9911,2024,40.0089,35.05,2024,58.8121,2024,33.2277,2024,24.4705,2024,23.8249,2024,1460.2824,2024,https://datacatalog.worldbank.org/search/dataset/0037898/remittance-prices-worldwide,https://data.worldbank.org/indicator/FX.OWN.TOTL.ZS,https://www.worldbank.org/en/publication/worldwide-governance-indicators
LK,Sri Lanka,Lower middle income,Q3 2025,29,8,4.4759,2.2379,15,14,0,51.7241,2.6849,1.759,,81.6921,2024,18.3079,40.0665,2024,59.9107,2024,79.7003,2024,,,17.3281,2024,4545.3601,2024,https://datacatalog.worldbank.org/search/dataset/0037898/remittance-prices-worldwide,https://data.worldbank.org/indicator/FX.OWN.TOTL.ZS,https://www.worldbank.org/en/publication/worldwide-governance-indicators
PL,Poland,High income,Q3 2025,30,10,4.4418,2.2209,8,22,0,26.6667,4.3163,1.4589,,86.1367,2024,13.8633,63.9281,2024,74.4122,2024,40.0295,2024,66.6003,2024,21.3278,2024,25103.5657,2024,https://datacatalog.worldbank.org/search/dataset/0037898/remittance-prices-worldwide,https://data.worldbank.org/indicator/FX.OWN.TOTL.ZS,https://www.worldbank.org/en/publication/worldwide-governance-indicators
PK,Pakistan,Lower middle income,Q3 2025,29,8,3.2271,1.6136,17,9,3,58.6207,1.5969,1.5307,1.9567,27.296,2024,72.704,26.285,2024,30.6477,2024,60.8266,2024,12.0522,2024,11.1508,2024,1479.4776,2024,https://datacatalog.worldbank.org/search/dataset/0037898/remittance-prices-worldwide,https://data.worldbank.org/indicator/FX.OWN.TOTL.ZS,https://www.worldbank.org/en/publication/worldwide-governance-indicators
NG,Nigeria,Lower middle income,Q3 2025,31,9,2.9865,1.4932,11,20,0,35.4839,2.5776,0.8968,,63.2614,2024,36.7386,25.2938,2024,31.6874,2024,37.0244,2024,12.8285,2024,3.2809,2024,1084.1604,2024,https://datacatalog.worldbank.org/search/dataset/0037898/remittance-prices-worldwide,https://data.worldbank.org/indicator/FX.OWN.TOTL.ZS,https://www.worldbank.org/en/publication/worldwide-governance-indicators
IN,India,Lower middle income,Q3 2025,28,12,2.7693,1.3846,9,19,0,32.1429,1.5526,1.3051,,89.0248,2024,10.9752,41.8768,2024,52.4723,2024,64.6211,2024,24.4669,2024,14.6204,2024,2591.9917,2024,https://datacatalog.worldbank.org/search/dataset/0037898/remittance-prices-worldwide,https://data.worldbank.org/indicator/FX.OWN.TOTL.ZS,https://www.worldbank.org/en/publication/worldwide-governance-indicators
