destination_code,destination_country,provider,funding_instrument,speed,estimated_account_cost_pct,estimated_account_cost_gbp_on_gbp_200,estimated_cash_cost_pct,estimated_cash_cost_gbp_on_gbp_200,cash_premium_percentage_points,cash_premium_gbp_on_gbp_200,fee_difference_gbp,fx_margin_difference_percentage_points,matching_rule,price_source
"BR","Brazil","MoneyGram","Credit card","Less than one hour","1.41","2.82","10.8333","21.6666","9.4233","18.8467","4.99","6.93","Same provider, corridor, funding instrument, access point, speed, collection date and receiving network coverage","https://datacatalog.worldbank.org/search/dataset/0037898/remittance-prices-worldwide"
"CN","China","MoneyGram","Debit card","Less than one hour","1.29","2.58","5.1533","10.3066","3.8633","7.7267","4.99","1.37","Same provider, corridor, funding instrument, access point, speed, collection date and receiving network coverage","https://datacatalog.worldbank.org/search/dataset/0037898/remittance-prices-worldwide"
"CN","China","MoneyGram","Credit card","Less than one hour","2.09","4.18","5.8333","11.6666","3.7433","7.4867","4.99","1.25","Same provider, corridor, funding instrument, access point, speed, collection date and receiving network coverage","https://datacatalog.worldbank.org/search/dataset/0037898/remittance-prices-worldwide"
"LT","Lithuania","MoneyGram","Debit card","Less than one hour","1.22","2.44","4.3433","8.6866","3.1233","6.2467","4.99","0.63","Same provider, corridor, funding instrument, access point, speed, collection date and receiving network coverage","https://datacatalog.worldbank.org/search/dataset/0037898/remittance-prices-worldwide"
"LT","Lithuania","MoneyGram","Credit card","Less than one hour","1.83","3.66","4.7533","9.5066","2.9233","5.8467","5","0.42","Same provider, corridor, funding instrument, access point, speed, collection date and receiving network coverage","https://datacatalog.worldbank.org/search/dataset/0037898/remittance-prices-worldwide"
"BG","Bulgaria","MoneyGram","Credit card","Less than one hour","2.89","5.78","5.3933","10.7866","2.5033","5.0067","4.99","0.01","Same provider, corridor, funding instrument, access point, speed, collection date and receiving network coverage","https://datacatalog.worldbank.org/search/dataset/0037898/remittance-prices-worldwide"
"BG","Bulgaria","MoneyGram","Debit card","Less than one hour","2.6","5.2","5.0933","10.1866","2.4933","4.9867","4.99","0","Same provider, corridor, funding instrument, access point, speed, collection date and receiving network coverage","https://datacatalog.worldbank.org/search/dataset/0037898/remittance-prices-worldwide"
"CN","China","Western Union","Bank account transfer","Less than one hour","1.9033","3.8066","3.1567","6.3134","1.2533","2.5067","1","0.75","Same provider, corridor, funding instrument, access point, speed, collection date and receiving network coverage","https://datacatalog.worldbank.org/search/dataset/0037898/remittance-prices-worldwide"
"IN","India","Western Union","Bank account transfer","Less than one hour","0.6467","1.2934","1.3433","2.6866","0.6967","1.3933","1","0.2","Same provider, corridor, funding instrument, access point, speed, collection date and receiving network coverage","https://datacatalog.worldbank.org/search/dataset/0037898/remittance-prices-worldwide"
"RO","Romania","MoneyGram","Credit card","Less than one hour","1.195","2.39","1.7067","3.4134","0.5117","1.0233","2.99","-0.985","Same provider, corridor, funding instrument, access point, speed, collection date and receiving network coverage","https://datacatalog.worldbank.org/search/dataset/0037898/remittance-prices-worldwide"
"LK","Sri Lanka","Global Exchange Ltd","Bank account transfer","2 days","1.4","2.8","1.89","3.78","0.49","0.98","0","0.49","Same provider, corridor, funding instrument, access point, speed, collection date and receiving network coverage","https://datacatalog.worldbank.org/search/dataset/0037898/remittance-prices-worldwide"
"RO","Romania","MoneyGram","Debit card","Less than one hour","1.71","3.42","1.9567","3.9134","0.2467","0.4933","2.99","-1.25","Same provider, corridor, funding instrument, access point, speed, collection date and receiving network coverage","https://datacatalog.worldbank.org/search/dataset/0037898/remittance-prices-worldwide"
"BD","Bangladesh","IFIC Money Transfer","Debit card","Less than one hour","2.94","5.88","2.94","5.88","0","0","0","0","Same provider, corridor, funding instrument, access point, speed, collection date and receiving network coverage","https://datacatalog.worldbank.org/search/dataset/0037898/remittance-prices-worldwide"
"BD","Bangladesh","Sonali Bank","Bank account transfer","Less than one hour","2.41","4.82","2.41","4.82","0","0","0","0","Same provider, corridor, funding instrument, access point, speed, collection date and receiving network coverage","https://datacatalog.worldbank.org/search/dataset/0037898/remittance-prices-worldwide"
"BD","Bangladesh","Sonali Bank","Bank account transfer","Less than one hour","2.41","4.82","2.41","4.82","0","0","0","0","Same provider, corridor, funding instrument, access point, speed, collection date and receiving network coverage","https://datacatalog.worldbank.org/search/dataset/0037898/remittance-prices-worldwide"
"LK","Sri Lanka","Global Exchange Ltd","Cash","2 days","2.3633","4.7266","2.3633","4.7266","0","0","0","0","Same provider, corridor, funding instrument, access point, speed, collection date and receiving network coverage","https://datacatalog.worldbank.org/search/dataset/0037898/remittance-prices-worldwide"
"LK","Sri Lanka","Global Exchange Ltd","Bank account transfer","2 days","2.3633","4.7266","2.3633","4.7266","0","0","0","0","Same provider, corridor, funding instrument, access point, speed, collection date and receiving network coverage","https://datacatalog.worldbank.org/search/dataset/0037898/remittance-prices-worldwide"